Title,Genre,Premiere,Runtime,IMDB Score,Language
None Our Feeling Size,Horror,"May 02, 2025",117,4.5,English
Officer Evening Lead,Romance,"January 17, 2021",86,4.4,Hindi
Prepare Daughter Record Hit,Thriller,"October 09, 2025",126,2.0,Italian
Often Me,Mystery,"September 27, 2024",80,2.7,Japanese
Lead,Romance,"September 19, 2024",104,4.7,English
High Organization,Mystery,"November 30, 2021",122,3.7,English
Teach Image Accept Out,Documentary,"January 06, 2025",63,1.1,Chinese
Talk Different Sometimes,Thriller,"September 08, 2022",126,2.1,Chinese
Floor Trial,Horror,"November 04, 2023",130,3.3,Italian
Employee Low Important,Drama,"February 04, 2020",59,4.9,Chinese
Decide Agent,Mystery,"October 12, 2023",80,1.5,Japanese
Natural Site Keep,Thriller,"March 09, 2020",60,3.6,Italian
Whom Deal General Specific,Comedy,"May 10, 2022",67,2.7,Italian
Should Hope,Horror,"March 03, 2023",110,4.6,Spanish
Decide Inside Investment Pick,Comedy,"November 06, 2022",94,3.0,Hindi
Station Garden,Action,"June 04, 2021",138,3.7,English
Get Center,Comedy,"September 18, 2020",64,2.4,Spanish
Mother Just,Documentary,"April 02, 2022",72,4.6,Japanese
Value Visit Design Choice,Comedy,"December 04, 2025",67,2.8,English
Recognize Program Keep Play,Horror,"March 07, 2022",97,2.5,Italian
System Summer,Horror,"October 26, 2023",145,4.6,Italian
Resource Wish Change Would,Romance,"July 17, 2024",60,2.2,Hindi
Bill,Thriller,"December 19, 2025",124,4.2,Spanish
Hard,Horror,"January 08, 2022",96,2.9,Hindi
Long,Documentary,"March 21, 2025",105,1.2,Hindi
Operation,Comedy,"December 28, 2022",77,2.8,English
Before Everyone,Horror,"October 16, 2023",66,2.4,Hindi
Too Several Bank Professor,Horror,"March 09, 2021",100,2.4,Japanese
Upon Official,Drama,"December 19, 2024",136,2.2,Chinese
War Fast Forget Pick,Comedy,"August 03, 2025",107,1.1,Spanish
Center Election,Action,"July 06, 2023",66,3.3,Hindi
Have,Comedy,"March 05, 2022",142,3.5,Spanish
Pm Miss Hope,Documentary,"February 23, 2020",67,2.7,Hindi
Brother Position Might Tv,Documentary,"August 18, 2024",141,3.6,Hindi
Bed Pull,Comedy,"July 06, 2024",55,1.8,Italian
Eight,Romance,"April 21, 2022",96,1.4,English
Task College Over,Thriller,"January 20, 2023",129,1.2,English
Meet,Comedy,"May 18, 2024",103,1.2,Hindi
Meeting Gun,Thriller,"February 25, 2020",52,1.4,Chinese
Summer Place Listen,Comedy,"October 27, 2024",134,4.5,Spanish
Since Director Far Society,Drama,"January 28, 2020",102,4.3,Italian
Easy,Romance,"December 25, 2020",99,2.9,Chinese
Enough Item Article Lawyer,Romance,"December 22, 2020",135,3.4,English
Huge Should Voice,Horror,"March 08, 2023",140,3.7,English
Culture Base Middle,Documentary,"April 12, 2022",146,1.6,Chinese
Beat,Romance,"January 05, 2022",104,2.0,Hindi
Pay Sense Indeed,Horror,"July 07, 2024",76,2.6,Chinese
Life Light Film Institution,Thriller,"April 05, 2025",123,4.6,Spanish
South Fear Cell,Comedy,"January 12, 2020",76,2.9,Spanish
Require Decision,Documentary,"April 03, 2025",147,2.7,Spanish
Let Bag Space Meet,Documentary,"June 24, 2020",144,4.5,Hindi
Road Hard From,Comedy,"June 27, 2021",126,4.1,Italian
Down Piece Ok,Action,"January 27, 2024",75,2.7,Japanese
Economic Pretty Drop Election,Romance,"September 01, 2024",134,3.0,Italian
Any,Mystery,"January 05, 2024",95,4.7,Hindi
On Building Business,Horror,"June 23, 2022",61,3.2,Hindi
At Front Represent Back,Thriller,"September 17, 2025",94,3.4,Chinese
Look Water Economic,Comedy,"June 27, 2021",135,1.3,Italian
Police,Mystery,"April 08, 2023",67,1.7,Italian
Law Fight Smile Many,Romance,"October 10, 2025",61,4.8,Italian
Maybe,Comedy,"April 01, 2023",135,1.7,Spanish
Feeling,Mystery,"October 14, 2024",95,2.6,Italian
See Piece,Horror,"January 19, 2026",64,4.5,Italian
Air Theory,Mystery,"August 02, 2022",80,3.5,Chinese
Pretty Forward,Action,"May 11, 2022",125,2.6,Hindi
Another Drop Same Itself,Horror,"January 13, 2022",139,3.3,Hindi
Court Catch,Romance,"December 11, 2021",70,2.8,Japanese
Something Ago Ahead Measure,Romance,"May 21, 2025",119,2.3,Chinese
State Community Return,Documentary,"January 14, 2024",107,1.9,Chinese
Two,Romance,"August 02, 2025",85,1.8,Hindi
Year,Drama,"September 05, 2022",56,4.4,Hindi
Develop Heavy Movie,Romance,"March 17, 2020",99,3.5,English
General,Documentary,"May 11, 2025",99,2.5,Hindi
Garden,Comedy,"October 01, 2022",71,4.0,Chinese
Or Result,Mystery,"December 27, 2024",90,4.1,Chinese
East Assume Act Situation,Horror,"May 01, 2021",92,4.6,Hindi
War,Mystery,"January 27, 2022",123,4.2,Hindi
Fly Ago,Documentary,"December 08, 2023",112,3.4,Japanese
Service Dream Loss,Comedy,"April 12, 2024",95,3.6,English
Think Interesting,Horror,"May 14, 2025",111,1.1,Italian
Believe First,Documentary,"January 28, 2026",66,4.8,Hindi
Spend Artist,Mystery,"June 05, 2021",147,2.4,Spanish
Significant Consider Main,Romance,"April 16, 2020",132,1.9,English
Practice Important Nor,Mystery,"May 21, 2022",128,2.2,Italian
Health Standard,Drama,"December 07, 2022",102,3.1,Italian
Recently,Comedy,"September 04, 2023",131,3.6,English
Woman Need Collection Similar,Action,"December 22, 2022",71,4.3,Spanish
Think,Horror,"February 22, 2022",81,2.2,Italian
Already Picture Newspaper,Documentary,"January 31, 2022",67,3.4,Spanish
Simple Debate Suffer,Action,"February 22, 2021",83,4.2,Italian
Too Off,Documentary,"June 04, 2025",53,3.6,Italian
Beat Citizen Staff,Romance,"March 29, 2023",147,3.5,Japanese
Consumer Language,Thriller,"November 08, 2025",77,2.2,Chinese
Wear Trip,Comedy,"July 09, 2025",58,3.6,Chinese
Discussion Change,Thriller,"September 14, 2023",92,2.0,Chinese
Argue Style Whose,Comedy,"February 21, 2023",144,3.9,Italian
Fact,Romance,"November 23, 2020",102,4.8,Hindi
Budget Quickly Official,Romance,"September 29, 2022",125,1.2,Spanish
Message Public Several,Documentary,"April 12, 2025",97,1.4,Italian
